<?xml version="1.0"?>
<AgencyViewModel xmlns:xsi="http://www.w3.org/2001/XMLSchema-instance" xmlns:xsd="http://www.w3.org/2001/XMLSchema">
  <Id>2</Id>
  <Name>Second Angency</Name>
  <Email>second@gmai.com</Email>
  <Country>USA</Country>
  <IsBranch>false</IsBranch>
  <TravelAgents>
    <TravelAgent>
      <Id>12</Id>
      <Name>Anton</Name>
      <Email>crabkot@gmail.com</Email>
      <AgencyId>2</AgencyId>
    </TravelAgent>
  </TravelAgents>
</AgencyViewModel><?xml version="1.0"?>
<AgencyViewModel xmlns:xsi="http://www.w3.org/2001/XMLSchema-instance" xmlns:xsd="http://www.w3.org/2001/XMLSchema">
  <Id>2</Id>
  <Name>Second Angency</Name>
  <Email>second@gmai.com</Email>
  <Country>USA</Country>
  <IsBranch>false</IsBranch>
  <TravelAgents>
    <TravelAgent>
      <Id>12</Id>
      <Name>Anton</Name>
      <Email>crabkot@gmail.com</Email>
      <AgencyId>2</AgencyId>
    </TravelAgent>
  </TravelAgents>
</AgencyViewModel><?xml version="1.0"?>
<AgencyViewModel xmlns:xsi="http://www.w3.org/2001/XMLSchema-instance" xmlns:xsd="http://www.w3.org/2001/XMLSchema">
  <Id>2</Id>
  <Name>Second Angency</Name>
  <Email>second@gmai.com</Email>
  <Country>USA</Country>
  <IsBranch>false</IsBranch>
  <TravelAgents>
    <TravelAgent>
      <Id>12</Id>
      <Name>Anton</Name>
      <Email>crabkot@gmail.com</Email>
      <AgencyId>2</AgencyId>
    </TravelAgent>
  </TravelAgents>
</AgencyViewModel>